IPO Date,Symbol,Company Name,IPO Price,Todays Price,Current Return,Year,IPO Price (Float),Todays Price (Float),Current Return (%)
"Dec 30, 2019",MKDTY,Molecular Data Inc.,$5.38,-,-100.00%,2019,5.38,,-100.0
"Dec 19, 2019",INDO,Indonesia Energy Corporation Limited,$11.00,$2.33,-78.86%,2019,11.0,2.33,-78.86
"Dec 19, 2019",MNPR,Monopar Therapeutics Inc.,$8.00,$42.90,412.50%,2019,8.0,42.9,412.5
"Dec 13, 2019",CIIC,CIIG Merger,$10.00,$21.60,116.00%,2019,10.0,21.6,116.0
"Dec 13, 2019",HCCO,Healthcare Merger Corp,$10.00,$8.97,-10.30%,2019,10.0,8.97,-10.3
"Dec 13, 2019",OCFT,"OneConnect Financial Technology Co., Ltd.",$10.00,$5.92,-40.00%,2019,10.0,5.92,-40.0
"Dec 13, 2019",SPT,"Sprout Social, Inc.",$17.00,$20.81,22.53%,2019,17.0,20.81,22.53
"Dec 12, 2019",BILL,"BILL Holdings, Inc.",$22.00,$45.22,103.64%,2019,22.0,45.22,103.64
"Dec 12, 2019",EH,EHang Holdings Limited,$12.50,$16.74,32.56%,2019,12.5,16.74,32.56
"Dec 11, 2019",LIVK,LIV Capital Acquisition Corp.,$10.00,$10.30,3.00%,2019,10.0,10.3,3.0
"Dec 11, 2019",XP,XP Inc.,$27.00,$15.99,-40.15%,2019,27.0,15.99,-40.15
"Dec 5, 2019",LMPX,"LMP Automotive Holdings, Inc.",$5.00,$0.35,-93.00%,2019,5.0,0.35,-93.0
"Nov 26, 2019",ALUS,Alussa Energy Acquisition Corp.,$10.00,$9.50,-5.00%,2019,10.0,9.5,-5.0
"Nov 22, 2019",CHPM,CHP Merger Corp.,$10.00,$10.18,1.80%,2019,10.0,10.18,1.8
"Nov 22, 2019",PINE,"Alpine Income Property Trust, Inc.",$19.00,$15.65,-18.37%,2019,19.0,15.65,-18.37
"Nov 22, 2019",PTAC,PropTech Acquisition Corp.,$10.00,$14.81,48.10%,2019,10.0,14.81,48.1
"Nov 21, 2019",CAN,Canaan Inc.,$9.00,$0.72,-92.00%,2019,9.0,0.72,-92.0
"Nov 21, 2019",GRNV,Greenvision Acquisition Corp.,$10.00,$8.14,-18.60%,2019,10.0,8.14,-18.6
"Nov 21, 2019",SITM,SiTime Corporation,$13.00,$145.88,989.77%,2019,13.0,145.88,989.77
"Nov 20, 2019",AMHC,Amplitude Healthcare Acquisition Corp.,$10.00,$15.12,51.20%,2019,10.0,15.12,51.2
"Nov 20, 2019",SAQN,Software Acquisition Group,$10.00,$10.10,1.00%,2019,10.0,10.1,1.0
"Nov 13, 2019",YAYO,"EVmo, Inc.",$4.00,-,-100.00%,2019,4.0,,-100.0
"Nov 11, 2019",ETNB,"89bio, Inc.",$16.00,$7.97,-51.56%,2019,16.0,7.97,-51.56
"Nov 8, 2019",CNSP,"CNS Pharmaceuticals, Inc.",$4.00,$1.08,-74.50%,2019,4.0,1.08,-74.5
"Nov 8, 2019",JIH,"Juniper Industrial Holdings, Inc.",$10.00,$13.19,31.90%,2019,10.0,13.19,31.9
"Nov 8, 2019",KRKR,36Kr Holdings Inc.,$14.50,$5.50,-62.07%,2019,14.5,5.5,-62.07
"Nov 8, 2019",MOHOY,ECMOHO Limited,$10.00,-,-,2019,10.0,,
"Nov 8, 2019",SRAC,Stable Road Acquisition Corp.,$10.00,$10.97,9.70%,2019,10.0,10.97,9.7
"Nov 8, 2019",TELA,"TELA Bio, Inc.",$13.00,$0.94,-92.77%,2019,13.0,0.94,-92.77
"Nov 7, 2019",CNTG,Centogene N.V.,$14.00,-,-,2019,14.0,,
"Nov 7, 2019",DFNS,LGL Systems Acquisition,$10.00,$13.84,38.40%,2019,10.0,13.84,38.4
"Nov 7, 2019",GRTX,"Galera Therapeutics, Inc.",$12.00,$0.07,-99.44%,2019,12.0,0.07,-99.44
"Nov 7, 2019",SICP,Silvergate Capital Corporation,$12.00,$1.19,-90.08%,2019,12.0,1.19,-90.08
"Nov 5, 2019",MCMJ,Merida Merger Corp. I,$10.00,$6.53,-34.70%,2019,10.0,6.53,-34.7
"Nov 5, 2019",XHG,XChange TEC.INC,-,$0.11,-,2019,,0.11,
"Nov 1, 2019",DUO,Fangdd Network Group Ltd.,$13.00,$0.24,-98.11%,2019,13.0,0.24,-98.11
"Nov 1, 2019",FSRV,Finserv Acquisition Corp,$10.00,$14.52,45.20%,2019,10.0,14.52,45.2
"Nov 1, 2019",SFTW,Osprey Technology Acquisition Corp.,$10.00,$11.41,14.10%,2019,10.0,11.41,14.1
"Oct 31, 2019",OYST,"Oyster Point Pharma, Inc.",$16.00,$11.17,-30.19%,2019,16.0,11.17,-30.19
"Oct 31, 2019",RAPT,"RAPT Therapeutics, Inc.",$12.00,$0.90,-92.41%,2019,12.0,0.9,-92.41
"Oct 25, 2019",CABA,"Cabaletta Bio, Inc.",$11.00,$1.32,-88.23%,2019,11.0,1.32,-88.23
"Oct 25, 2019",DAO,"Youdao, Inc.",$17.00,$8.78,-48.82%,2019,17.0,8.78,-48.82
"Oct 25, 2019",PAIYY,Aesthetic Medical International Holdings Group Ltd.,-,$0.20,-,2019,,0.2,
"Oct 25, 2019",PAVS,Paranovus Entertainment Technology Ltd.,$5.50,$1.34,-75.82%,2019,5.5,1.34,-75.82
"Oct 25, 2019",PGNY,"Progyny, Inc.",$13.00,$22.77,74.15%,2019,13.0,22.77,74.15
"Oct 25, 2019",PHAT,"Phathom Pharmaceuticals, Inc.",$19.00,$4.34,-77.05%,2019,19.0,4.34,-77.05
"Oct 25, 2019",TFFP,"TFF Pharmaceuticals, Inc.",$5.00,$0.07,-98.70%,2019,5.0,0.07,-98.7
"Oct 24, 2019",BWIN,"The Baldwin Insurance Group, Inc.",-,$41.29,-,2019,,41.29,
"Oct 18, 2019",GLEO,Galileo Acquisition Corp.,$10.00,$8.54,-14.60%,2019,10.0,8.54,-14.6
"Oct 18, 2019",LATN,Union Acquisition Corp. II,$10.00,$9.86,-1.40%,2019,10.0,9.86,-1.4
"Oct 17, 2019",BRBR,"BellRing Brands, Inc.",$14.00,$76.37,440.14%,2019,14.0,76.37,440.14
"Oct 17, 2019",IPHA,Innate Pharma S.A.,$5.50,$2.21,-60.00%,2019,5.5,2.21,-60.0
"Oct 11, 2019",HBT,"HBT Financial, Inc.",$16.00,$23.16,44.75%,2019,16.0,23.16,44.75
"Oct 11, 2019",VIR,"Vir Biotechnology, Inc.",$20.00,$6.05,-70.10%,2019,20.0,6.05,-70.1
"Oct 10, 2019",BNTX,BioNTech SE,$15.00,$103.95,588.13%,2019,15.0,103.95,588.13
"Oct 3, 2019",APRE,"Aprea Therapeutics, Inc.",$15.00,$1.70,-88.67%,2019,15.0,1.7,-88.67
"Oct 3, 2019",KRRO,"Korro Bio, Inc.",$14.00,$17.10,15.71%,2019,14.0,17.1,15.71
"Oct 3, 2019",MCBS,"MetroCity Bankshares, Inc.",$13.50,$27.75,102.22%,2019,13.5,27.75,102.22
"Oct 3, 2019",VIE,Viela Bio,$19.00,$53.01,179.00%,2019,19.0,53.01,179.0
"Sep 26, 2019",OPRT,Oportun Financial Corporation,$15.00,$5.07,-65.80%,2019,15.0,5.07,-65.8
"Sep 26, 2019",PTON,"Peloton Interactive, Inc.",$29.00,$6.80,-76.62%,2019,29.0,6.8,-76.62
"Sep 19, 2019",DDOG,"Datadog, Inc.",$27.00,$101.28,275.67%,2019,27.0,101.28,275.67
"Sep 19, 2019",PING,Ping Identity Holding Corp.,$15.00,$28.50,90.00%,2019,15.0,28.5,90.0
"Sep 19, 2019",XGN,Exagen Inc.,$14.00,$6.30,-54.64%,2019,14.0,6.3,-54.64
"Sep 18, 2019",IGMS,"IGM Biosciences, Inc.",$16.00,$1.36,-91.81%,2019,16.0,1.36,-91.81
"Sep 18, 2019",NVST,Envista Holdings Corporation,$22.00,$15.75,-29.09%,2019,22.0,15.75,-29.09
"Sep 17, 2019",APXT,Apex Technology Acquisition Corp.,$10.00,$12.11,21.10%,2019,10.0,12.11,21.1
"Sep 13, 2019",ALRS,Alerus Financial Corporation,$21.00,$20.00,-5.24%,2019,21.0,20.0,-5.24
"Sep 13, 2019",EXPC,Experience Investment Corp.,$10.00,$8.70,-13.00%,2019,10.0,8.7,-13.0
"Sep 13, 2019",NET,"Cloudflare, Inc.",$15.00,$119.99,714.87%,2019,15.0,119.99,714.87
"Sep 13, 2019",STSA,"Satsuma Pharmaceuticals, Inc.",$15.00,$1.10,-92.67%,2019,15.0,1.1,-92.67
"Sep 13, 2019",SWTX,"SpringWorks Therapeutics, Inc.",$18.00,$46.22,156.89%,2019,18.0,46.22,156.89
"Sep 12, 2019",SDCCQ,"SmileDirectClub, Inc.",-,-,-,2019,,,
"Sep 12, 2019",TXG,"10x Genomics, Inc.",$39.00,$8.26,-78.51%,2019,39.0,8.26,-78.51
"Sep 11, 2019",SONG,Akazoo S.A.,-,-,-,2019,,,
"Sep 9, 2019",NPA,New Providence Acquisition Corp.,$10.00,$11.60,16.00%,2019,10.0,11.6,16.0
"Aug 15, 2019",CFB,"CrossFirst Bankshares, Inc.",$14.50,$15.99,10.28%,2019,14.5,15.99,10.28
"Aug 15, 2019",JFU,9F Inc.,$9.50,$1.33,-87.26%,2019,9.5,1.33,-87.26
"Aug 14, 2019",BTOG,Bit Origin Ltd,$5.00,$0.15,-96.70%,2019,5.0,0.15,-96.7
"Aug 9, 2019",THBR,Thunder Bridge Acquisition II Ltd.,$10.00,$10.87,8.70%,2019,10.0,10.87,8.7
"Aug 8, 2019",INMD,InMode Ltd.,$14.00,$14.01,-0.29%,2019,14.0,14.01,-0.29
"Aug 8, 2019",SSPK,Silver Spike Acquisition Corp.,$10.00,$18.84,88.40%,2019,10.0,18.84,88.4
"Aug 5, 2019",AMTD,AMTD IDEA Group,$8.38,$1.00,-87.71%,2019,8.38,1.0,-87.71
"Aug 2, 2019",ORSN,Orisun Acquisition,$10.00,$8.17,-18.30%,2019,10.0,8.17,-18.3
"Aug 1, 2019",DT,"Dynatrace, Inc.",$16.00,$46.51,186.06%,2019,16.0,46.51,186.06
"Aug 1, 2019",KRUS,"Kura Sushi USA, Inc.",$14.00,$58.98,318.50%,2019,14.0,58.98,318.5
"Aug 1, 2019",SNDL,SNDL Inc.,$13.00,$1.50,-88.62%,2019,13.0,1.5,-88.62
"Jul 31, 2019",BORR,Borr Drilling Limited,$9.30,$1.72,-81.40%,2019,9.3,1.72,-81.4
"Jul 31, 2019",NFIN,Netfin Acquisition,$10.00,$11.40,14.00%,2019,10.0,11.4,14.0
"Jul 26, 2019",BHAT,Blue Hat Interactive Entertainment Technology,$4.00,$1.93,-48.50%,2019,4.0,1.93,-48.5
"Jul 26, 2019",CCX,Churchill Capital Corp II,$10.00,$10.75,7.50%,2019,10.0,10.75,7.5
"Jul 26, 2019",SBE,Switchback Energy Acquisition Corporation,$10.00,$30.83,208.30%,2019,10.0,30.83,208.3
"Jul 26, 2019",VIST,"Vista Energy, S.A.B. de C.V.",$9.00,$44.96,407.33%,2019,9.0,44.96,407.33
"Jul 26, 2019",WSG,Wanda Sports Group Co. Ltd.,$8.00,$2.50,-68.81%,2019,8.0,2.5,-68.81
"Jul 25, 2019",CSTL,"Castle Biosciences, Inc.",$16.00,$20.07,24.06%,2019,16.0,20.07,24.06
"Jul 25, 2019",FLLC,"Fellazo, Inc.",$10.00,$10.00,-,2019,10.0,10.0,
"Jul 25, 2019",HCAT,"Health Catalyst, Inc.",$26.00,$3.97,-84.37%,2019,26.0,3.97,-84.37
"Jul 25, 2019",LVGO,Livongo Health,$28.00,$139.77,399.18%,2019,28.0,139.77,399.18
"Jul 25, 2019",NOVA,Sunnova Energy International Inc.,$12.00,$0.19,-98.12%,2019,12.0,0.19,-98.12
"Jul 25, 2019",PROS,"ProSight Global, Inc.",$14.00,$12.85,-8.21%,2019,14.0,12.85,-8.21
"Jul 24, 2019",EIC,Eagle Point Income Company Inc.,$19.00,$13.98,-26.79%,2019,19.0,13.98,-26.79
"Jul 19, 2019",AFYA,Afya Limited,$19.00,$18.71,-1.05%,2019,19.0,18.71,-1.05
"Jul 19, 2019",IFS,Intercorp Financial Services Inc.,$46.00,$33.64,-27.39%,2019,46.0,33.64,-27.39
"Jul 19, 2019",MDLA,"Medallia, Inc.",$21.00,$33.99,61.86%,2019,21.0,33.99,61.86
"Jul 18, 2019",AMK,"AssetMark Financial Holdings, Inc.",$22.00,$35.24,60.18%,2019,22.0,35.24,60.18
"Jul 18, 2019",CPAA,Conyers Park II Acquisition Corp.,$10.00,$8.86,-11.40%,2019,10.0,8.86,-11.4
"Jul 18, 2019",FULC,"Fulcrum Therapeutics, Inc.",$16.00,$3.84,-77.19%,2019,16.0,3.84,-77.19
"Jul 18, 2019",IHRT,"iHeartMedia, Inc.",$17.00,$1.02,-93.77%,2019,17.0,1.02,-93.77
"Jul 18, 2019",MIRM,"Mirum Pharmaceuticals, Inc.",$15.00,$43.26,183.60%,2019,15.0,43.26,183.6
"Jul 18, 2019",OAC,Oaktree Acquisition Corp.,$10.00,$16.38,63.80%,2019,10.0,16.38,63.8
"Jul 18, 2019",OBDC,Blue Owl Capital Corporation,$15.30,$13.98,-9.02%,2019,15.3,13.98,-9.02
"Jul 18, 2019",PHR,"Phreesia, Inc.",$17.00,$24.97,46.24%,2019,17.0,24.97,46.24
"Jul 17, 2019",DOYU,DouYu International Holdings Limited,$11.50,$7.43,-35.22%,2019,11.5,7.43,-35.22
"Jul 12, 2019",PIC,Pivotal Investment Corporation II,$10.00,$19.54,95.40%,2019,10.0,19.54,95.4
"Jul 12, 2019",SCPE,SC Health Corporation,$10.00,$15.84,58.40%,2019,10.0,15.84,58.4
"Jul 12, 2019",THCA,Tuscan Holdings Corp. II,$10.00,$10.45,4.50%,2019,10.0,10.45,4.5
"Jul 2, 2019",RMBI,"Richmond Mutual Bancorporation, Inc.",$10.00,$14.23,42.30%,2019,10.0,14.23,42.3
"Jun 28, 2019",KRTX,"Karuna Therapeutics, Inc.",$16.00,$329.83,"1,961.44%",2019,16.0,329.83,1961.44
"Jun 28, 2019",REAL,"The RealReal, Inc.",$20.00,$5.89,-71.33%,2019,20.0,5.89,-71.33
"Jun 27, 2019",ADPT,Adaptive Biotechnologies Corporation,$20.00,$7.49,-61.95%,2019,20.0,7.49,-61.95
"Jun 27, 2019",BBIO,"BridgeBio Pharma, Inc.",$17.00,$37.73,126.12%,2019,17.0,37.73,126.12
"Jun 27, 2019",CHNG,"Change Healthcare, Inc.",$13.00,$27.49,111.46%,2019,13.0,27.49,111.46
"Jun 27, 2019",MORF,"Morphic Holding, Inc.",$15.00,$56.99,279.93%,2019,15.0,56.99,279.93
"Jun 26, 2019",CMBM,Cambium Networks Corporation,$12.00,$0.44,-96.20%,2019,12.0,0.44,-96.2
"Jun 26, 2019",LINX,Linx S.A.,$9.40,$7.50,-20.21%,2019,9.4,7.5,-20.21
"Jun 20, 2019",AKRO,"Akero Therapeutics, Inc.",$16.00,$45.19,169.00%,2019,16.0,45.19,169.0
"Jun 20, 2019",BCEL,"Atreca, Inc.",$17.00,$0.09,-99.47%,2019,17.0,0.09,-99.47
"Jun 20, 2019",GO,Grocery Outlet Holding Corp.,$22.00,$16.70,-24.00%,2019,22.0,16.7,-24.0
"Jun 20, 2019",PRVL,Prevail Therapeutics Inc.,$17.00,$23.00,35.29%,2019,17.0,23.0,35.29
"Jun 20, 2019",PSNL,"Personalis, Inc.",$17.00,$3.80,-77.65%,2019,17.0,3.8,-77.65
"Jun 20, 2019",SMMC,South Mountain Merger Corp.,$10.00,$16.80,68.00%,2019,10.0,16.8,68.0
"Jun 20, 2019",WORK,"Slack Technologies, Inc.",$26.00,$45.20,73.85%,2019,26.0,45.2,73.85
"Jun 19, 2019",STOK,"Stoke Therapeutics, Inc.",$18.00,$9.82,-46.72%,2019,18.0,9.82,-46.72
"Jun 14, 2019",CHWY,"Chewy, Inc.",$22.00,$37.03,66.82%,2019,22.0,37.03,66.82
"Jun 13, 2019",FVRR,Fiverr International Ltd.,$21.00,$25.54,23.81%,2019,21.0,25.54,23.81
"Jun 12, 2019",CRWD,"CrowdStrike Holdings, Inc.",$34.00,$426.56,"1,148.71%",2019,34.0,426.56,1148.71
"Jun 12, 2019",MWK,"Mohawk Group Holdings, Inc.",$10.00,$23.70,137.00%,2019,10.0,23.7,137.0
"Jun 7, 2019",HYAC,Haymaker Acquisition Corp. II,$10.00,$9.52,-4.80%,2019,10.0,9.52,-4.8
"Jun 7, 2019",RVLV,"Revolve Group, Inc.",$18.00,$19.80,10.50%,2019,18.0,19.8,10.5
"Jun 6, 2019",GIX,"GigCapital2, Inc.",$10.00,$10.47,4.70%,2019,10.0,10.47,4.7
"Jun 6, 2019",GOTU,Gaotu Techedu Inc.,$10.50,$3.09,-70.76%,2019,10.5,3.09,-70.76
"May 23, 2019",BCYC,Bicycle Therapeutics plc,$14.00,$8.46,-41.36%,2019,14.0,8.46,-41.36
"May 23, 2019",IDYA,"IDEAYA Biosciences, Inc.",$10.00,$20.26,103.20%,2019,10.0,20.26,103.2
"May 23, 2019",RTLR,Rattler Midstream LP,$17.50,$15.22,-13.03%,2019,17.5,15.22,-13.03
"May 21, 2019",GXGX,GX Acquisition Corp.,$10.00,$10.20,2.00%,2019,10.0,10.2,2.0
"May 17, 2019",AVTR,"Avantor, Inc.",$14.00,$12.88,-9.57%,2019,14.0,12.88,-9.57
"May 17, 2019",FSLY,"Fastly, Inc.",$16.00,$5.74,-64.50%,2019,16.0,5.74,-64.5
"May 17, 2019",LKNCY,"Luckin Coffee, Inc.",$17.00,$18.95,11.47%,2019,17.0,18.95,11.47
"May 15, 2019",PSTL,"Postal Realty Trust, Inc.",$17.00,$13.23,-22.29%,2019,17.0,13.23,-22.29
"May 14, 2019",AGBA,AGBA Group Holding Limited,$10.00,$1.40,-86.00%,2019,10.0,1.4,-86.0
"May 14, 2019",APLT,"Applied Therapeutics, Inc.",$10.00,$0.39,-96.12%,2019,10.0,0.39,-96.12
"May 10, 2019",JFIN,Jiayin Group Inc.,$10.50,$11.32,7.81%,2019,10.5,11.32,7.81
"May 10, 2019",SONM,"Sonim Technologies, Inc.",$11.00,$1.51,-85.91%,2019,11.0,1.51,-85.91
"May 10, 2019",UBER,"Uber Technologies, Inc.",$45.00,$80.19,77.27%,2019,45.0,80.19,77.27
"May 9, 2019",AXLA,"Axcella Health, Inc.",$20.00,$0.40,-98.00%,2019,20.0,0.4,-98.0
"May 9, 2019",HHR,Headhunter Group PLC,$13.50,-,-,2019,13.5,,
"May 9, 2019",MEC,"Mayville Engineering Company, Inc.",$17.00,$12.89,-25.68%,2019,17.0,12.89,-25.68
"May 9, 2019",NXTC,"NextCure, Inc.",$15.00,$0.47,-96.75%,2019,15.0,0.47,-96.75
"May 9, 2019",QNCX,"Quince Therapeutics, Inc.",$17.00,$1.15,-93.35%,2019,17.0,1.15,-93.35
"May 9, 2019",SPFI,"South Plains Financial, Inc.",$17.50,$34.27,95.34%,2019,17.5,34.27,95.34
"May 8, 2019",PSN,Parsons Corporation,$27.00,$65.77,145.54%,2019,27.0,65.77,145.54
"May 7, 2019",LCA,"Landcadia Holdings II, Inc.",$10.00,$25.49,154.90%,2019,10.0,25.49,154.9
"May 7, 2019",TRVI,"Trevi Therapeutics, Inc.",$10.00,$6.86,-35.60%,2019,10.0,6.86,-35.6
"May 6, 2019",TBBA,"TEB Bancorp, Inc.",$10.00,$6.39,-36.10%,2019,10.0,6.39,-36.1
"May 3, 2019",ATIF,ATIF Holdings Limited,$5.00,$0.64,-87.20%,2019,5.0,0.64,-87.2
"May 3, 2019",RRBI,"Red River Bancshares, Inc.",$45.00,$51.28,13.96%,2019,45.0,51.28,13.96
"May 3, 2019",SCPL,SciPlay Corporation,$16.00,$22.94,43.38%,2019,16.0,22.94,43.38
"May 3, 2019",YJ,Yunji Inc.,$11.00,$1.70,-84.41%,2019,11.0,1.7,-84.41
"May 2, 2019",BYND,"Beyond Meat, Inc.",$25.00,$2.51,-90.02%,2019,25.0,2.51,-90.02
"May 2, 2019",SY,So-Young International Inc.,$13.80,$0.83,-94.05%,2019,13.8,0.83,-94.05
"May 2, 2019",TMDX,"TransMedics Group, Inc.",$16.00,$91.52,462.50%,2019,16.0,91.52,462.5
"Apr 30, 2019",WAFU,Wah Fu Education Group Limited,$5.00,$1.39,-71.80%,2019,5.0,1.39,-71.8
"Apr 18, 2019",GNLN,"Greenlane Holdings, Inc.",$17.00,$0.01,-99.93%,2019,17.0,0.01,-99.93
"Apr 18, 2019",HOOK,HOOKIPA Pharma Inc.,$14.00,$0.96,-93.93%,2019,14.0,0.96,-93.93
"Apr 18, 2019",MNRL,"Brigham Minerals, Inc.",$18.00,$32.50,80.56%,2019,18.0,32.5,80.56
"Apr 18, 2019",PINS,"Pinterest, Inc.",$19.00,$25.20,32.63%,2019,19.0,25.2,32.63
"Apr 18, 2019",ZM,Zoom Communications Inc.,$36.00,$76.83,115.42%,2019,36.0,76.83,115.42
"Apr 17, 2019",BWAY,BrainsWay Ltd.,$11.00,$8.71,-21.36%,2019,11.0,8.71,-21.36
"Apr 17, 2019",PLMR,"Palomar Holdings, Inc.",$15.00,$146.13,886.07%,2019,15.0,146.13,886.07
"Apr 17, 2019",TPTX,"Turning Point Therapeutics, Inc.",$18.00,$76.01,322.28%,2019,18.0,76.01,322.28
"Apr 12, 2019",JMIA,Jumia Technologies AG,$14.50,$2.38,-83.72%,2019,14.5,2.38,-83.72
"Apr 11, 2019",PD,"PagerDuty, Inc.",$24.00,$15.48,-34.46%,2019,24.0,15.48,-34.46
"Apr 11, 2019",TUFN,Tufin Software Technologies Ltd.,$14.00,$12.94,-7.57%,2019,14.0,12.94,-7.57
"Apr 5, 2019",GHSI,"Guardion Health Sciences, Inc.",$4.00,$3.25,-18.75%,2019,4.0,3.25,-18.75
"Apr 4, 2019",NGM,"NGM Biopharmaceuticals, Inc.",$16.00,$1.54,-90.38%,2019,16.0,1.54,-90.38
"Apr 4, 2019",RPLA,Replay Acquisition,$10.00,$9.48,-5.20%,2019,10.0,9.48,-5.2
"Apr 4, 2019",SILK,"Silk Road Medical, Inc.",$20.00,$27.49,37.45%,2019,20.0,27.49,37.45
"Apr 4, 2019",TW,Tradeweb Markets Inc.,$27.00,$136.36,408.82%,2019,27.0,136.36,408.82
"Apr 3, 2019",RUHN,Ruhnn Holding Limited,$12.50,$3.40,-72.80%,2019,12.5,3.4,-72.8
"Apr 2, 2019",XTKG,"X3 Holdings Co., Ltd.",-,$1.14,-,2019,,1.14,
"Mar 29, 2019",HPH,Highest Performances Holdings Inc.,-,$11.78,-,2019,,11.78,
"Mar 29, 2019",LYFT,"Lyft, Inc.",$72.00,$12.28,-82.58%,2019,72.0,12.28,-82.58
"Mar 28, 2019",DTIL,"Precision BioSciences, Inc.",$16.00,$5.51,-67.53%,2019,16.0,5.51,-67.53
"Mar 28, 2019",JFK,8i Enterprises Acquisition,$10.00,$9.00,-10.00%,2019,10.0,9.0,-10.0
"Mar 28, 2019",WTRE,Watford Holdings Ltd.,$25.26,$34.99,38.52%,2019,25.26,34.99,38.52
"Mar 27, 2019",GNFT,Genfit S.A.,$22.00,$4.01,-81.59%,2019,22.0,4.01,-81.59
"Mar 21, 2019",LEVI,Levi Strauss & Co.,$17.00,$15.97,-7.12%,2019,17.0,15.97,-7.12
"Mar 20, 2019",INSU,Insurance Acquisition,$10.00,$11.66,16.60%,2019,10.0,11.66,16.6
"Mar 20, 2019",TIGR,UP Fintech Holding Limited,$8.00,$8.25,1.63%,2019,8.0,8.25,1.63
"Mar 15, 2019",TRNE,Trine Acquisition,$10.00,$24.77,147.70%,2019,10.0,24.77,147.7
"Mar 8, 2019",CRSA,Crescent Acquisition Corp.,$10.00,$8.81,-11.90%,2019,10.0,8.81,-11.9
"Mar 8, 2019",FUTU,Futu Holdings Limited,$12.00,$92.24,669.17%,2019,12.0,92.24,669.17
"Mar 7, 2019",SWAV,"ShockWave Medical, Inc.",$17.00,$334.75,"1,869.12%",2019,17.0,334.75,1869.12
"Mar 5, 2019",THCB,Tuscan Holdings Corp.,$10.00,$10.00,-,2019,10.0,10.0,
"Mar 1, 2019",HCAC,Hennessy Capital Acquisition Corp IV,$10.00,$19.49,94.90%,2019,10.0,19.49,94.9
"Feb 28, 2019",DPHC,DiamondPeak Holdings,$10.00,$18.21,82.10%,2019,10.0,18.21,82.1
"Feb 28, 2019",KLDO,"Kaleido Biosciences, Inc.",$15.00,$0.29,-98.07%,2019,15.0,0.29,-98.07
"Feb 28, 2019",SHLL,Tortoise Acquisition Corp.,$10.00,$44.91,349.10%,2019,10.0,44.91,349.1
"Feb 26, 2019",SLE,"Super League Enterprise, Inc.",$11.00,$0.34,-96.77%,2019,11.0,0.34,-96.77
"Feb 22, 2019",ACAM,Acamar Partners Acquisition Corp.,$10.00,$12.30,23.00%,2019,10.0,12.3,23.0
"Feb 19, 2019",SOLY,"Soliton, Inc.",$5.00,$22.58,351.60%,2019,5.0,22.58,351.6
"Feb 15, 2019",AREC,American Resources Corporation,$4.00,$1.01,-75.62%,2019,4.0,1.01,-75.62
"Feb 15, 2019",HOTH,"Hoth Therapeutics, Inc.",$5.60,$0.90,-84.64%,2019,5.6,0.9,-84.64
"Feb 15, 2019",MITO,Stealth BioTherapeutics Corp.,$12.00,$0.32,-97.33%,2019,12.0,0.32,-97.33
"Feb 14, 2019",AVDR,"Avedro, Inc.",$14.00,$22.99,64.21%,2019,14.0,22.99,64.21
"Feb 14, 2019",TCRR,TCR2 Therapeutics Inc.,$15.00,$1.48,-89.80%,2019,15.0,1.48,-89.8
"Feb 13, 2019",BACK,"IMAC Holdings, Inc.",$5.13,$0.20,-96.18%,2019,5.13,0.2,-96.18
"Feb 12, 2019",ANCN,Anchiano Therapeutics,$11.50,$75.36,555.30%,2019,11.5,75.36,555.3
"Feb 8, 2019",GOSS,"Gossamer Bio, Inc.",$16.00,$1.00,-94.49%,2019,16.0,1.0,-94.49
"Feb 8, 2019",HARP,"Harpoon Therapeutics, Inc.",$14.00,$23.01,64.36%,2019,14.0,23.01,64.36
"Feb 8, 2019",RMG,RMG Acquisition Corp.,$10.00,$27.00,170.00%,2019,10.0,27.0,170.0
"Feb 7, 2019",ALEC,"Alector, Inc.",$19.00,$1.16,-94.05%,2019,19.0,1.16,-94.05
"Feb 7, 2019",MNCL,Monocle Acquisition Corporation,$10.00,$12.20,22.00%,2019,10.0,12.2,22.0
"Feb 4, 2019",INMB,"INmune Bio, Inc.",$8.00,$8.00,-1.25%,2019,8.0,8.0,-1.25
"Feb 4, 2019",IPV,InterPrivate Acquisition,$10.00,$13.04,30.40%,2019,10.0,13.04,30.4
"Feb 1, 2019",GMHI,Gores Metropoulos,$10.00,$18.00,80.00%,2019,10.0,18.0,80.0
"Jan 31, 2019",NFE,New Fortress Energy Inc.,$14.00,$5.39,-61.82%,2019,14.0,5.39,-61.82
"Jan 17, 2019",RBKB,"Rhinebeck Bancorp, Inc.",$10.00,$11.05,2.30%,2019,10.0,11.05,2.3
"Jan 9, 2019",BCOW,"1895 Bancorp of Wisconsin, Inc.",$10.00,$9.40,-6.00%,2019,10.0,9.4,-6.0
"Jan 8, 2019",MDJH,MDJM Ltd.,$5.00,$0.16,-96.78%,2019,5.0,0.16,-96.78
"Jan 8, 2019",MTC,"MMTec, Inc.",$4.00,$1.18,-71.75%,2019,4.0,1.18,-71.75
"Jan 4, 2019",SXTC,"China SXT Pharmaceuticals, Inc.",$4.00,$2.34,-41.50%,2019,4.0,2.34,-41.5
