IPO Date,Symbol,Company Name,Current,Return,IPO Price (Float),Todays Price,Current Return (%),Market Cap,Revenue (ttm),Net Income (ttm)
"Dec 19, 2019",INDO,Indonesia Energy,2.96,-73.09,11.0,2.33,-78.86,24.06M,3.13M,-3.12M
"Dec 19, 2019",MNPR,Monopar Therapeutics,3.94,-50.75,8.0,42.9,412.5,262.23M,n/a,-15.59M
"Dec 13, 2019",OCFT,OneConnect Financial Technology Co.,2.4,-76.0,10.0,5.92,-40.0,229.21M,308.00M,-62.98M
"Dec 13, 2019",SPT,Sprout Social,93.82,451.88,17.0,20.81,22.53,1.21B,405.91M,-61.97M
"Dec 12, 2019",BILL,Bill.com Holdings,256.29,1064.95,22.0,45.22,103.64,4.61B,1.39B,81.86M
"Dec 12, 2019",EH,EHang Holdings,15.83,26.64,12.5,16.74,32.56,1.20B,62.49M,-31.48M
"Dec 11, 2019",XP,XP Inc.,29.49,9.22,27.0,15.99,-40.15,8.59B,2.63B,729.75M
"Dec 5, 2019",LMPX,LMP Automotive Holdings,7.17,43.4,5.0,0.35,-93.0,N/A,N/A,N/A
"Nov 22, 2019",PINE,Alpine Income Property Trust,18.82,-0.95,19.0,15.65,-18.37,242.43M,53.97M,1.15M
"Nov 21, 2019",CAN,Canaan,5.16,-42.67,9.0,0.72,-92.0,267.18M,269.32M,-249.75M
"Nov 21, 2019",SITM,SiTime,272.84,1998.77,13.0,145.88,989.77,3.46B,202.70M,-93.60M
"Nov 13, 2019",YAYO,"EVmo, Inc.",0.61,-84.77,4.0,,-100.0,7.13K,13.94M,-8.77M
"Nov 11, 2019",ETNB,89bio,12.4,-22.5,16.0,7.97,-51.56,1.16B,n/a,-367.08M
"Nov 8, 2019",CNSP,CNS Pharmaceuticals,0.91,-77.2,4.0,1.08,-74.5,3.18M,n/a,-14.86M
"Nov 8, 2019",JIH,Juniper Industrial Holdings,13.19,31.9,10.0,13.19,31.9,975.16M,963.80M,70.40M
"Nov 8, 2019",KRKR,36Kr Holdings,1.18,-91.86,14.5,5.5,-62.07,10.84M,31.66M,-18.72M
"Nov 8, 2019",TELA,TELA Bio,12.8,-1.54,13.0,0.94,-92.77,37.10M,69.30M,-37.84M
"Nov 7, 2019",CNTG,Centogene,5.17,-63.07,14.0,,,4.40M,53.65M,-39.27M
"Nov 7, 2019",GRTX,Galera Therapeutics,4.41,-63.25,12.0,0.07,-99.44,1.74M,n/a,-18.96M
"Nov 1, 2019",DUO,Fangdd Network Group,0.51,-96.08,13.0,0.24,-98.11,8.67M,46.46M,4.22M
"Oct 31, 2019",OYST,Oyster Point Pharma,15.55,-2.81,16.0,11.17,-30.19,10.04B,14.74B,-634.20M
"Oct 31, 2019",RAPT,Rapt Therapeutics,33.06,175.5,12.0,0.9,-92.41,119.08M,n/a,-129.87M
"Oct 25, 2019",CABA,Cabaletta Bio,4.3,-60.91,11.0,1.32,-88.23,66.73M,n/a,-115.86M
"Oct 25, 2019",DAO,Youdao,11.88,-30.12,17.0,8.78,-48.82,1.05B,770.77M,11.26M
"Oct 25, 2019",PGNY,Progyny,50.16,285.85,13.0,22.77,74.15,1.95B,1.17B,54.34M
"Oct 25, 2019",PHAT,Phathom Pharmaceuticals,19.36,1.89,19.0,4.34,-77.05,296.76M,55.25M,-334.33M
"Oct 25, 2019",TFFP,TFF Pharmaceuticals,8.54,70.8,5.0,0.07,-98.7,288.80K,1.16M,-18.52M
"Oct 17, 2019",BRBR,Bellring Brands,27.3,95.0,14.0,76.37,440.14,9.80B,2.10B,279.50M
"Oct 17, 2019",IPHA,Innate Pharma,5.02,-8.73,5.5,2.21,-60.0,175.80M,20.83M,-51.22M
"Oct 11, 2019",HBT,HBT Financial,18.1,13.13,16.0,23.16,44.75,732.58M,227.04M,75.60M
"Oct 11, 2019",VIR,Vir Biotechnology,43.37,116.85,20.0,6.05,-70.1,835.29M,74.21M,-521.96M
"Oct 10, 2019",BNTX,BioNTech SE,271.46,1709.73,15.0,103.95,588.13,24.94B,2.85B,-688.79M
"Oct 3, 2019",APRE,Aprea Therapeutics,3.34,-77.73,15.0,1.7,-88.67,9.34M,1.50M,-12.96M
"Oct 3, 2019",MCBS,MetroCity Bankshares,25.43,88.37,13.5,27.75,102.22,704.93M,143.78M,66.17M
"Oct 3, 2019",VIE,Viela Bio,53.01,179.0,19.0,53.01,179.0,155.39B,33.42B,4.09B
"Sep 26, 2019",OPRT,Oportun Financial,20.66,37.73,15.0,5.07,-65.8,183.20M,763.62M,-78.68M
"Sep 26, 2019",PTON,Peloton Interactive,39.19,35.14,29.0,6.8,-76.62,2.65B,2.62B,-290.60M
"Sep 19, 2019",DDOG,Datadog,177.49,557.37,27.0,101.28,275.67,34.98B,2.68B,183.75M
"Sep 19, 2019",PING,Ping Identity Holding,23.1,54.0,15.0,28.5,90.0,N/A,N/A,N/A
"Sep 19, 2019",XGN,Exagen,11.48,-18.0,14.0,6.3,-54.64,112.76M,55.64M,-15.12M
"Sep 18, 2019",IGMS,IGM Biosciences,28.28,76.75,16.0,1.36,-91.81,81.00M,2.68M,-195.80M
"Sep 18, 2019",NVST,Envista Holdings,41.59,89.05,22.0,15.75,-29.09,2.67B,2.51B,-1.12B
"Sep 13, 2019",ALRS,Alerus Financial,28.81,37.19,21.0,20.0,-5.24,507.31M,224.22M,24.63M
"Sep 13, 2019",EXPC,Experience Investment,8.7,-13.0,10.0,8.7,-13.0,210.68M,248.69M,-27.31M
"Sep 13, 2019",NET,Cloudflare,144.34,862.27,15.0,119.99,714.87,41.58B,1.67B,-78.80M
"Sep 13, 2019",STSA,Satsuma Pharmaceuticals,4.75,-68.33,15.0,1.1,-92.67,N/A,N/A,N/A
"Sep 13, 2019",SWTX,Springworks Therapeutics,69.0,283.33,18.0,46.22,156.89,3.46B,191.59M,-258.13M
"Sep 12, 2019",TXG,10X Genomics,146.22,274.92,39.0,8.26,-78.51,1.02B,610.79M,-182.63M
"Aug 15, 2019",CFB,CrossFirst Bankshares,14.94,3.03,14.5,15.99,10.28,788.64M,250.66M,77.93M
"Aug 15, 2019",JFU,9F Inc.,1.07,-88.74,9.5,1.33,-87.26,15.66M,40.61M,1.10M
"Aug 8, 2019",INMD,InMode,70.41,402.93,14.0,14.01,-0.29,950.84M,392.41M,175.78M
"Aug 1, 2019",DT,Dynatrace,60.56,278.5,16.0,46.51,186.06,13.92B,1.63B,482.32M
"Aug 1, 2019",KRUS,Kura Sushi USA,73.24,423.14,14.0,58.98,318.5,712.80M,258.44M,-10.50M
"Aug 1, 2019",SNDL,Sundial Growers,0.63,-95.19,13.0,1.5,-88.62,385.94M,639.72M,-65.88M
"Jul 31, 2019",BORR,Borr Drilling,2.01,-78.39,9.3,1.72,-81.4,410.41M,1.01B,82.10M
"Jul 26, 2019",BHAT,Blue Hat Interactive Entertainment Technology,0.42,-89.56,4.0,1.93,-48.5,9.53M,40.46M,-16.23M
"Jul 26, 2019",CCX,Churchill Capital Corp II,10.75,7.5,10.0,10.75,7.5,153.77M,530.99M,-121.91M
"Jul 26, 2019",VIST,Vista Oil & Gas,5.21,-42.11,9.0,44.96,407.33,4.80B,1.77B,481.66M
"Jul 26, 2019",WSG,Wanda Sports Group Co.,2.5,-68.81,8.0,2.5,-68.81,N/A,N/A,N/A
"Jul 25, 2019",CSTL,Castle Biosciences,42.82,167.63,16.0,20.07,24.06,578.92M,332.07M,18.25M
"Jul 25, 2019",FLLC,Fellazo,10.0,0.0,10.0,10.0,,N/A,N/A,N/A
"Jul 25, 2019",HCAT,Health Catalyst,38.42,47.77,26.0,3.97,-84.37,278.74M,306.58M,-69.50M
"Jul 25, 2019",LVGO,Livongo Health,139.77,399.18,28.0,139.77,399.18,1.26B,2.57B,-1.00B
"Jul 25, 2019",NOVA,Sunnova Energy International,27.07,125.58,12.0,0.19,-98.12,24.15M,839.92M,-367.89M
"Jul 25, 2019",PROS,ProSight Global,12.85,-8.21,14.0,12.85,-8.21,N/A,N/A,N/A
"Jul 24, 2019",EIC,Eagle Point Income Company,17.27,-9.11,19.0,13.98,-26.79,295.48M,46.22M,41.55M
"Jul 19, 2019",AFYA,Afya Limited,14.01,-26.26,19.0,18.71,-1.05,1.69B,534.26M,102.11M
"Jul 19, 2019",IFS,Intercorp Financial Services,24.6,-46.52,46.0,33.64,-27.39,3.86B,1.19B,344.70M
"Jul 19, 2019",MDLA,Medallia,33.99,61.86,21.0,33.99,61.86,N/A,N/A,N/A
"Jul 18, 2019",AMK,AssetMark Financial Holdings,25.24,14.73,22.0,35.24,60.18,2.64B,751.44M,143.30M
"Jul 18, 2019",FULC,Fulcrum Therapeutics,17.77,11.06,16.0,3.84,-77.19,207.01M,80.00M,-9.73M
"Jul 18, 2019",IHRT,iHeartMedia,20.37,19.82,17.0,1.02,-93.77,155.66M,3.85B,-1.01B
"Jul 18, 2019",MIRM,Mirum Pharmaceuticals,15.69,4.6,15.0,43.26,183.6,2.14B,336.89M,-87.94M
"Jul 18, 2019",PHR,Phreesia,44.18,159.88,17.0,24.97,46.24,1.47B,419.81M,-58.53M
"Jul 17, 2019",DOYU,DouYu International Holdings,2.63,-77.13,11.5,7.43,-35.22,235.05M,585.12M,-40.75M
"Jul 12, 2019",PIC,Pivotal Investment Corporation II,19.54,95.4,10.0,19.54,95.4,N/A,N/A,N/A
"Jul 12, 2019",SCPE,SC Health,15.84,58.4,10.0,15.84,58.4,N/A,N/A,N/A
"Jul 12, 2019",THCA,Tuscan Holdings II,10.2,2.0,10.0,10.45,4.5,N/A,N/A,N/A
"Jul 2, 2019",RMBI,Richmond Mutual Bancorporation,16.12,61.2,10.0,14.23,42.3,135.98M,42.83M,8.98M
"Jun 28, 2019",KRTX,Karuna Therapeutics,122.76,667.25,16.0,329.83,1961.44,101.83B,47.64B,5.42B
"Jun 28, 2019",REAL,The RealReal,11.53,-42.35,20.0,5.89,-71.33,666.12M,600.48M,-134.20M
"Jun 27, 2019",ADPT,Adaptive Biotechnologies,29.35,46.75,20.0,7.49,-61.95,1.11B,178.96M,-159.49M
"Jun 27, 2019",BBIO,BridgeBio Pharma,42.36,149.18,17.0,37.73,126.12,7.17B,127.42M,-667.97M
"Jun 27, 2019",CHNG,Change Healthcare,21.05,61.92,13.0,27.49,111.46,374.33B,410.06B,22.11B
"Jun 27, 2019",MORF,Morphic Holding,48.64,224.27,15.0,56.99,279.93,807.44B,45.04B,10.59B
"Jun 26, 2019",CMBM,Cambium Networks,24.8,106.67,12.0,0.44,-96.2,12.29M,172.22M,-98.12M
"Jun 26, 2019",LINX,Linx S.A.,7.5,-20.21,9.4,7.5,-20.21,3.80B,2.06B,-244.99M
"Jun 20, 2019",AKRO,Akero Therapeutics,21.42,33.88,16.0,45.19,169.0,3.60B,n/a,-252.06M
"Jun 20, 2019",BCEL,Atreca,3.1,-81.76,17.0,0.09,-99.47,N/A,N/A,N/A
"Jun 20, 2019",GO,Grocery Outlet Holding,28.5,29.55,22.0,16.7,-24.0,1.64B,4.37B,39.47M
"Jun 20, 2019",PRVL,Prevail Therapeutics,23.0,35.29,17.0,23.0,35.29,N/A,N/A,N/A
"Jun 20, 2019",PSNL,Personalis,14.67,-13.71,17.0,3.8,-77.65,334.96M,84.61M,-81.28M
"Jun 20, 2019",WORK,Slack Technologies,45.2,73.85,26.0,45.2,73.85,255.43B,37.90B,6.20B
"Jun 19, 2019",STOK,Stoke Therapeutics,20.38,13.22,18.0,9.82,-46.72,531.85M,36.56M,-88.98M
"Jun 14, 2019",CHWY,Chewy,55.22,151.0,22.0,37.03,66.82,15.33B,11.86B,392.74M
"Jun 13, 2019",FVRR,Fiverr International,121.29,477.57,21.0,25.54,23.81,917.12M,391.48M,18.25M
"Jun 12, 2019",CRWD,CrowdStrike Holdings,210.31,518.56,34.0,426.56,1148.71,105.73B,3.95B,-19.27M
"Jun 12, 2019",MWK,Mohawk Group Holdings,23.7,137.0,10.0,23.7,137.0,14.51M,99.05M,-11.86M
"Jun 7, 2019",RVLV,Revolve Group,55.74,209.67,18.0,19.8,10.5,1.42B,1.13B,49.56M
"Jun 6, 2019",GIX,GigCapital2,10.47,4.7,10.0,10.47,4.7,3.79K,105.31M,-24.34M
"Jun 6, 2019",GOTU,Gaotu Techedu,1.97,-81.24,10.5,3.09,-70.76,760.63M,623.85M,-143.71M
"May 23, 2019",BCYC,Bicycle Therapeutics,57.21,308.64,14.0,8.46,-41.36,585.45M,35.28M,-169.03M
"May 23, 2019",IDYA,IDEAYA Biosciences,22.89,128.9,10.0,20.26,103.2,1.78B,7.00M,-274.48M
"May 23, 2019",RTLR,Rattler Midstream LP,10.75,-38.57,17.5,15.22,-13.03,38.55B,10.56B,3.32B
"May 17, 2019",AVTR,Avantor,40.95,192.5,14.0,12.88,-9.57,8.77B,6.69B,715.60M
"May 17, 2019",FSLY,Fastly,40.59,153.69,16.0,5.74,-64.5,831.22M,543.68M,-158.06M
"May 17, 2019",LKNCY,Luckin Coffee,10.1,-40.59,17.0,18.95,11.47,11.02B,4.72B,401.65M
"May 15, 2019",PSTL,Postal Realty Trust,18.2,7.06,17.0,13.23,-22.29,400.50M,76.37M,4.81M
"May 14, 2019",APLT,Applied Therapeutics,9.99,-0.1,10.0,0.39,-96.12,56.33M,"455,000",-105.62M
"May 10, 2019",JFIN,Jiayin Group,2.5,-76.19,10.5,11.32,7.81,604.14M,794.76M,144.74M
"May 10, 2019",SONM,Sonim Technologies,0.98,-91.07,11.0,1.51,-85.91,9.55M,58.30M,-33.65M
"May 10, 2019",UBER,Uber Technologies,41.97,-6.73,45.0,80.19,77.27,167.80B,43.98B,9.86B
"May 9, 2019",AXLA,Axcella Health,2.53,-87.35,20.0,0.4,-98.0,1.18M,n/a,-50.03M
"May 9, 2019",HHR,Headhunter Group,52.28,287.26,13.5,,,N/A,N/A,N/A
"May 9, 2019",MEC,Mayville Engineering Company,13.72,-19.29,17.0,12.89,-25.68,260.76M,581.60M,25.97M
"May 9, 2019",NXTC,NextCure,5.77,-61.53,15.0,0.47,-96.75,13.03M,n/a,-55.65M
"May 9, 2019",SPFI,South Plains Financial,26.39,50.8,17.5,34.27,95.34,556.40M,193.66M,51.14M
"May 8, 2019",PSN,Parsons,32.9,21.85,27.0,65.77,145.54,7.02B,6.77B,261.51M
"Mar 25, 2021",LCA,Landcadia Holdings IV,9.74,-2.58,10.0,25.49,154.9,N/A,N/A,N/A
"May 7, 2019",LCA,Landcadia Holdings II,25.49,154.9,10.0,25.49,154.9,N/A,N/A,N/A
"May 7, 2019",TRVI,Trevi Therapeutics,0.69,-93.06,10.0,6.86,-35.6,662.76M,n/a,-47.91M
"May 6, 2019",TBBA,TEB Bancorp,9.3,-7.0,10.0,6.39,-36.1,16.19M,9.88M,-1.99M
"May 3, 2019",ATIF,ATIF Holdings,3.0,-40.0,5.0,0.64,-87.2,15.50M,"670,000",-4.43M
"May 3, 2019",RRBI,Red River Bancshares,53.32,18.49,45.0,51.28,13.96,347.56M,112.12M,36.40M
"May 3, 2019",SCPL,SciPlay,15.31,-4.31,16.0,22.94,43.38,7.21B,3.19B,336.00M
"May 3, 2019",YJ,Yunji,0.58,-94.73,11.0,1.7,-84.41,8.37M,57.22M,-16.87M
"May 2, 2019",BYND,Beyond Meat,70.23,180.92,25.0,2.51,-90.02,191.34M,326.45M,-160.28M
"May 2, 2019",SY,So-Young International,3.24,-76.52,13.8,0.83,-94.05,83.58M,200.94M,-80.77M
"May 2, 2019",TMDX,TransMedics Group,20.98,31.13,16.0,91.52,462.5,3.10B,441.54M,35.46M
"Apr 30, 2019",WAFU,Wah Fu Education Group,4.1,-18.0,5.0,1.39,-71.8,6.13M,6.37M,"-831,412"
"Apr 18, 2019",GNLN,Greenlane Holdings,1.02,-94.0,17.0,0.01,-99.93,97.22K,13.28M,-17.64M
"Apr 18, 2019",HOOK,HOOKIPA Pharma,2.48,-82.29,14.0,0.96,-93.93,11.91M,43.95M,-43.50M
"Apr 18, 2019",MNRL,Brigham Minerals,20.61,14.5,18.0,32.5,80.56,2.58B,624.41M,39.78M
"Apr 18, 2019",PINS,Pinterest,36.74,93.37,19.0,25.2,32.63,16.97B,3.65B,1.86B
"Apr 18, 2019",ZM,Zoom Video Communications,199.42,453.94,36.0,76.83,115.42,23.44B,4.67B,1.01B
"Apr 17, 2019",BWAY,Brainsway,7.51,-31.73,11.0,8.71,-21.36,171.97M,41.02M,2.92M
"Apr 17, 2019",PLMR,Palomar Holdings,61.78,311.87,15.0,146.13,886.07,3.91B,553.86M,117.57M
"Apr 17, 2019",TPTX,Turning Point Therapeutics,48.16,167.56,18.0,76.01,322.28,101.85B,47.64B,5.42B
"Apr 12, 2019",JMIA,Jumia Technologies AG,12.99,-10.41,14.5,2.38,-83.72,291.46M,167.49M,-99.09M
"Apr 11, 2019",PD,PagerDuty,36.89,53.71,24.0,15.48,-34.46,1.41B,467.50M,-54.46M
"Apr 11, 2019",TUFN,Tufin Software Technologies,9.98,-28.71,14.0,12.94,-7.57,N/A,N/A,N/A
"Apr 5, 2019",GHSI,Guardion Health Sciences,0.83,-79.25,4.0,3.25,-18.75,4.35M,12.23M,6.37M
"Apr 4, 2019",NGM,NGM Biopharmaceuticals,18.66,16.63,16.0,1.54,-90.38,N/A,N/A,N/A
"Apr 4, 2019",SILK,Silk Road Medical,42.65,113.25,20.0,27.49,37.45,1.12B,191.43M,-56.54M
"Apr 4, 2019",TW,Tradeweb Markets,94.42,249.7,27.0,136.36,408.82,32.18B,1.82B,523.36M
"Apr 3, 2019",RUHN,Ruhnn Holding,3.4,-72.8,12.5,3.4,-72.8,N/A,N/A,N/A
"Mar 29, 2019",LYFT,"Lyft, Inc.",40.91,-43.18,72.0,12.28,-82.58,5.16B,5.79B,22.78M
"Mar 28, 2019",DTIL,Precision BioSciences,8.11,-49.31,16.0,5.51,-67.53,58.02M,68.70M,7.17M
"Mar 28, 2019",WTRE,Watford Holdings,34.99,38.52,25.26,34.99,38.52,N/A,N/A,N/A
"Mar 27, 2019",GNFT,Genfit,5.3,-75.91,22.0,4.01,-81.59,202.37M,73.44M,1.56M
"Mar 21, 2019",LEVI,Levi Strauss & Co.,24.03,41.35,17.0,15.97,-7.12,6.31B,6.40B,356.20M
"Mar 20, 2019",TIGR,UP Fintech Holding,4.97,-37.88,8.0,8.25,1.63,1.44B,330.74M,60.73M
"Mar 8, 2019",FUTU,Futu Holdings,42.42,253.5,12.0,92.24,669.17,12.84B,1.54B,700.75M
"Mar 7, 2019",SWAV,ShockWave Medical,177.75,945.59,17.0,334.75,1869.12,12.57B,787.97M,163.50M
"Mar 5, 2019",THCB,Tuscan Holdings,10.0,0.0,10.0,10.0,,608.22M,379.80M,-195.46M
"Feb 28, 2019",DPHC,DiamondPeak Holdings,18.21,82.1,10.0,18.21,82.1,N/A,N/A,N/A
"Feb 28, 2019",KLDO,Kaleido Biosciences,2.96,-80.27,15.0,0.29,-98.07,N/A,N/A,N/A
"Feb 19, 2019",SOLY,Soliton,22.58,351.6,5.0,22.58,351.6,N/A,N/A,N/A
"Feb 15, 2019",AREC,American Resources,2.01,-49.75,4.0,1.01,-75.62,N/A,N/A,N/A
"Feb 15, 2019",HOTH,Hoth Therapeutics,0.74,-86.79,5.6,0.9,-84.64,N/A,N/A,N/A
"Feb 15, 2019",MITO,Stealth BioTherapeutics,0.86,-92.83,12.0,0.32,-97.33,N/A,N/A,N/A
"Feb 14, 2019",AVDR,Avedro,22.99,64.21,14.0,22.99,64.21,N/A,N/A,N/A
"Feb 14, 2019",TCRR,TCR2 Therapeutics,4.75,-68.33,15.0,1.48,-89.8,N/A,N/A,N/A
"Feb 12, 2019",ANCN,Anchiano Therapeutics,75.36,555.3,11.5,75.36,555.3,N/A,N/A,N/A
"Feb 8, 2019",GOSS,Gossamer Bio,10.82,-32.38,16.0,1.0,-94.49,N/A,N/A,N/A
"Feb 8, 2019",HARP,Harpoon Therapeutics,7.39,-47.21,14.0,23.01,64.36,N/A,N/A,N/A
"Feb 7, 2019",ALEC,Alector,23.28,22.53,19.0,1.16,-94.05,N/A,N/A,N/A
"Feb 4, 2019",INMB,Inmune Bio,10.54,31.75,8.0,8.0,-1.25,N/A,N/A,N/A
"Feb 1, 2019",GMHI,Gores Metropoulos,18.0,80.0,10.0,18.0,80.0,N/A,N/A,N/A
"Jan 31, 2019",NFE,New Fortress Energy,24.27,73.36,14.0,5.39,-61.82,N/A,N/A,N/A
"Jan 17, 2019",RBKB,Rhinebeck Bancorp,10.61,6.1,10.0,11.05,2.3,N/A,N/A,N/A
"Jan 9, 2019",BCOW,1895 Bancorp of Wisconsin,10.93,9.3,10.0,9.4,-6.0,N/A,N/A,N/A
"Jan 8, 2019",MDJH,MDJM Ltd.,1.91,-61.8,5.0,0.16,-96.78,N/A,N/A,N/A
"Jan 8, 2019",MTC,MMTec,0.85,-78.73,4.0,1.18,-71.75,N/A,N/A,N/A
"Jan 4, 2019",SXTC,China SXT Pharmaceuticals,0.58,-85.6,4.0,2.34,-41.5,N/A,N/A,N/A
