IPO Date,Symbol,Company Name,Current,Return,IPO Price (Float),Todays Price,Current Return (%),Industry,Market Cap in Millions,Net Income (ttm) in Millions,Revenue (ttm) in Millions
"Dec 19, 2019",INDO,Indonesia Energy,2.96,-7309.0,11.0,2.33,-7886.0,Oil & Gas E&P,24.06,-3.12,3.13
"Dec 19, 2019",MNPR,Monopar Therapeutics,3.94,-5075.0,8.0,42.9,41250.0,Biotechnology,262.23,-15.59,
"Dec 13, 2019",OCFT,OneConnect Financial Technology Co.,2.4,-7600.0,10.0,5.92,-4000.0,Software - Application,229.21,-62.98,308.0
"Dec 13, 2019",SPT,Sprout Social,93.82,45188.0,17.0,20.81,2253.0,Software - Application,1210.0,-61.97,405.91
"Dec 12, 2019",BILL,Bill.com Holdings,256.29,106495.0,22.0,45.22,10364.0,Software - Application,4610.0,81.86,1390.0
"Dec 12, 2019",EH,EHang Holdings,15.83,2664.0,12.5,16.74,3256.0,Aerospace & Defense,1200.0,-31.48,62.49
"Dec 11, 2019",XP,XP Inc.,29.49,922.0000000000001,27.0,15.99,-4015.0,Capital Markets,8590.0,729.75,2630.0
"Nov 22, 2019",PINE,Alpine Income Property Trust,18.82,-95.0,19.0,15.65,-1837.0,REIT - Retail,242.43,1.15,53.97
"Nov 21, 2019",CAN,Canaan,5.16,-4267.0,9.0,0.72,-9200.0,Computer Hardware,267.18,-249.75,269.32
"Nov 21, 2019",SITM,SiTime,272.84,199877.0,13.0,145.88,98977.0,Semiconductors,3460.0,-93.6,202.7
"Nov 11, 2019",ETNB,89bio,12.4,-2250.0,16.0,7.97,-5156.0,Biotechnology,1160.0,-367.08,
"Nov 8, 2019",CNSP,CNS Pharmaceuticals,0.91,-7720.0,4.0,1.08,-7450.0,Biotechnology,3.18,-14.86,
"Nov 8, 2019",JIH,Juniper Industrial Holdings,13.19,3190.0,10.0,13.19,3190.0,N/A,975.16,70.4,963.8
"Nov 8, 2019",KRKR,36Kr Holdings,1.18,-9186.0,14.5,5.5,-6207.0,Advertising Agencies,10.84,-18.72,31.66
"Nov 8, 2019",TELA,TELA Bio,12.8,-154.0,13.0,0.94,-9277.0,Medical Devices,37.1,-37.84,69.3
"Nov 7, 2019",CNTG,Centogene,5.17,-6307.0,14.0,,,N/A,4.4,-39.27,53.65
"Nov 7, 2019",GRTX,Galera Therapeutics,4.41,-6325.0,12.0,0.07,-9944.0,Biotechnology,1.74,-18.96,
"Nov 1, 2019",DUO,Fangdd Network Group,0.51,-9608.0,13.0,0.24,-9811.0,Real Estate Services,8.67,4.22,46.46
"Oct 31, 2019",OYST,Oyster Point Pharma,15.55,-281.0,16.0,11.17,-3019.0,N/A,10040.0,-634.2,14740.0
"Oct 31, 2019",RAPT,Rapt Therapeutics,33.06,17550.0,12.0,0.9,-9241.0,Biotechnology,119.08,-129.87,
"Oct 25, 2019",CABA,Cabaletta Bio,4.3,-6091.0,11.0,1.32,-8823.0,Biotechnology,66.73,-115.86,
"Oct 25, 2019",DAO,Youdao,11.88,-3012.0,17.0,8.78,-4882.0,Education & Training Services,1050.0,11.26,770.77
"Oct 25, 2019",PGNY,Progyny,50.16,28585.000000000004,13.0,22.77,7415.000000000001,Healthcare Plans,1950.0,54.34,1170.0
"Oct 25, 2019",PHAT,Phathom Pharmaceuticals,19.36,189.0,19.0,4.34,-7705.0,Biotechnology,296.76,-334.33,55.25
"Oct 17, 2019",BRBR,Bellring Brands,27.3,9500.0,14.0,76.37,44014.0,Packaged Foods,9800.0,279.5,2100.0
"Oct 17, 2019",IPHA,Innate Pharma,5.02,-873.0,5.5,2.21,-6000.0,Biotechnology,175.8,-51.22,20.83
"Oct 11, 2019",HBT,HBT Financial,18.1,1313.0,16.0,23.16,4475.0,Banks - Regional,732.58,75.6,227.04
"Oct 11, 2019",VIR,Vir Biotechnology,43.37,11685.0,20.0,6.05,-7009.999999999999,Biotechnology,835.29,-521.96,74.21
"Oct 10, 2019",BNTX,BioNTech SE,271.46,170973.0,15.0,103.95,58813.0,Biotechnology,24940.0,-688.79,2850.0
"Oct 3, 2019",APRE,Aprea Therapeutics,3.34,-7773.0,15.0,1.7,-8867.0,Biotechnology,9.34,-12.96,1.5
"Oct 3, 2019",MCBS,MetroCity Bankshares,25.43,8837.0,13.5,27.75,10222.0,Banks - Regional,704.93,66.17,143.78
"Oct 3, 2019",VIE,Viela Bio,53.01,17900.0,19.0,53.01,17900.0,N/A,2910.0,4090.0,33420.0
"Sep 26, 2019",OPRT,Oportun Financial,20.66,3772.9999999999995,15.0,5.07,-6580.0,Credit Services,183.2,-78.68,763.62
"Sep 26, 2019",PTON,Peloton Interactive,39.19,3514.0,29.0,6.8,-7662.0,Leisure,2650.0,-290.6,2620.0
"Sep 19, 2019",DDOG,Datadog,177.49,55737.0,27.0,101.28,27567.0,Software - Application,34980.0,183.75,2680.0
"Sep 19, 2019",XGN,Exagen,11.48,-1800.0,14.0,6.3,-5464.0,Diagnostics & Research,112.76,-15.12,55.64
"Sep 18, 2019",IGMS,IGM Biosciences,28.28,7675.0,16.0,1.36,-9181.0,Biotechnology,81.0,-195.8,2.68
"Sep 18, 2019",NVST,Envista Holdings,41.59,8905.0,22.0,15.75,-2909.0,Medical Instruments & Supplies,2670.0,-1120.0,2510.0
"Sep 13, 2019",ALRS,Alerus Financial,28.81,3719.0,21.0,20.0,-524.0,Banks - Regional,507.31,24.63,224.22
"Sep 13, 2019",EXPC,Experience Investment,8.7,-1300.0,10.0,8.7,-1300.0,N/A,210.68,-27.31,248.69
"Sep 13, 2019",NET,Cloudflare,144.34,86227.0,15.0,119.99,71487.0,Software - Infrastructure,41580.0,-78.8,1670.0
"Sep 13, 2019",SWTX,Springworks Therapeutics,69.0,28333.0,18.0,46.22,15688.999999999998,Biotechnology,3460.0,-258.13,191.59
"Sep 12, 2019",TXG,10X Genomics,146.22,27492.0,39.0,8.26,-7851.000000000001,Health Information Services,1020.0,-182.63,610.79
"Aug 15, 2019",CFB,CrossFirst Bankshares,14.94,303.0,14.5,15.99,1028.0,N/A,788.64,77.93,250.66
"Aug 15, 2019",JFU,9F Inc.,1.07,-8874.0,9.5,1.33,-8726.0,Information Technology Services,15.66,1.1,40.61
"Aug 8, 2019",INMD,InMode,70.41,40293.0,14.0,14.01,-28.999999999999996,Medical Devices,950.84,175.78,392.41
"Aug 1, 2019",DT,Dynatrace,60.56,27850.0,16.0,46.51,18606.0,Software - Application,13920.0,482.32,1630.0
"Aug 1, 2019",KRUS,Kura Sushi USA,73.24,42314.0,14.0,58.98,31850.0,Restaurants,712.8,-10.5,258.44
"Aug 1, 2019",SNDL,Sundial Growers,0.63,-9519.0,13.0,1.5,-8862.0,Beverages - Wineries & Distilleries,385.94,-65.88,639.72
"Jul 31, 2019",BORR,Borr Drilling,2.01,-7839.0,9.3,1.72,-8140.000000000001,Oil & Gas Drilling,410.41,82.1,1010.0
"Jul 26, 2019",BHAT,Blue Hat Interactive Entertainment Technology,0.42,-8956.0,4.0,1.93,-4850.0,Electronic Gaming & Multimedia,9.53,-16.23,40.46
"Jul 26, 2019",CCX,Churchill Capital Corp II,10.75,750.0,10.0,10.75,750.0,N/A,153.77,-121.91,530.99
"Jul 26, 2019",VIST,Vista Oil & Gas,5.21,-4211.0,9.0,44.96,40733.0,Oil & Gas E&P,4800.0,481.66,1770.0
"Jul 25, 2019",CSTL,Castle Biosciences,42.82,16763.0,16.0,20.07,2406.0,Diagnostics & Research,578.92,18.25,332.07
"Jul 25, 2019",HCAT,Health Catalyst,38.42,4777.0,26.0,3.97,-8437.0,Health Information Services,278.74,-69.5,306.58
"Jul 25, 2019",LVGO,Livongo Health,139.77,39918.0,28.0,139.77,39918.0,N/A,1260.0,-1000.0,2570.0
"Jul 25, 2019",NOVA,Sunnova Energy International,27.07,12558.0,12.0,0.19,-9812.0,Solar,24.15,-367.89,839.92
"Jul 24, 2019",EIC,Eagle Point Income Company,17.27,-911.0,19.0,13.98,-2679.0,Asset Management,295.48,41.55,46.22
"Jul 19, 2019",AFYA,Afya Limited,14.01,-2626.0,19.0,18.71,-105.0,Education & Training Services,1690.0,102.11,534.26
"Jul 19, 2019",IFS,Intercorp Financial Services,24.6,-4652.0,46.0,33.64,-2739.0,Banks - Regional,3860.0,344.7,1190.0
"Jul 18, 2019",AMK,AssetMark Financial Holdings,25.24,1473.0,22.0,35.24,6018.0,N/A,2640.0,143.3,751.44
"Jul 18, 2019",FULC,Fulcrum Therapeutics,17.77,1106.0,16.0,3.84,-7719.0,Biotechnology,207.01,-9.73,80.0
"Jul 18, 2019",IHRT,iHeartMedia,20.37,1982.0,17.0,1.02,-9377.0,Broadcasting,155.66,-1010.0,3850.0
"Jul 18, 2019",MIRM,Mirum Pharmaceuticals,15.69,459.99999999999994,15.0,43.26,18360.0,Biotechnology,2140.0,-87.94,336.89
"Jul 18, 2019",PHR,Phreesia,44.18,15988.0,17.0,24.97,4624.0,Health Information Services,1470.0,-58.53,419.81
"Jul 17, 2019",DOYU,DouYu International Holdings,2.63,-7713.0,11.5,7.43,-3522.0,Internet Content & Information,235.05,-40.75,585.12
"Jul 2, 2019",RMBI,Richmond Mutual Bancorporation,16.12,6120.0,10.0,14.23,4230.0,Banks - Regional,135.98,8.98,42.83
"Jun 28, 2019",KRTX,Karuna Therapeutics,122.76,66725.0,16.0,329.83,196144.0,N/A,12580.0,5420.0,47640.0
"Jun 28, 2019",REAL,The RealReal,11.53,-4235.0,20.0,5.89,-7133.0,Luxury Goods,666.12,-134.2,600.48
"Jun 27, 2019",ADPT,Adaptive Biotechnologies,29.35,4675.0,20.0,7.49,-6195.0,Biotechnology,1110.0,-159.49,178.96
"Jun 27, 2019",BBIO,BridgeBio Pharma,42.36,14918.0,17.0,37.73,12612.0,Biotechnology,7170.0,-667.97,127.42
"Jun 27, 2019",CHNG,Change Healthcare,21.05,6192.0,13.0,27.49,11146.0,N/A,9030.0,22110.0,410060.0
"Jun 27, 2019",MORF,Morphic Holding,48.64,22427.0,15.0,56.99,27993.0,N/A,2862.0,10590.0,45040.0
"Jun 26, 2019",CMBM,Cambium Networks,24.8,10667.0,12.0,0.44,-9620.0,Communication Equipment,12.29,-98.12,172.22
"Jun 26, 2019",LINX,Linx S.A.,7.5,-2021.0,9.4,7.5,-2021.0,N/A,3800.0,-244.99,2060.0
"Jun 20, 2019",AKRO,Akero Therapeutics,21.42,3388.0000000000005,16.0,45.19,16900.0,Biotechnology,3600.0,-252.06,
"Jun 20, 2019",GO,Grocery Outlet Holding,28.5,2955.0,22.0,16.7,-2400.0,Grocery Stores,1640.0,39.47,4370.0
"Jun 20, 2019",PSNL,Personalis,14.67,-1371.0,17.0,3.8,-7765.000000000001,Diagnostics & Research,334.96,-81.28,84.61
"Jun 20, 2019",WORK,Slack Technologies,45.2,7384.999999999999,26.0,45.2,7384.999999999999,N/A,26520.0,6200.0,37900.0
"Jun 19, 2019",STOK,Stoke Therapeutics,20.38,1322.0,18.0,9.82,-4672.0,Biotechnology,531.85,-88.98,36.56
"Jun 14, 2019",CHWY,Chewy,55.22,15100.0,22.0,37.03,6681.999999999999,Internet Retail,15330.0,392.74,11860.0
"Jun 13, 2019",FVRR,Fiverr International,121.29,47757.0,21.0,25.54,2381.0,Internet Content & Information,917.12,18.25,391.48
"Jun 12, 2019",CRWD,CrowdStrike Holdings,210.31,51855.99999999999,34.0,426.56,114871.0,Software - Infrastructure,105730.0,-19.27,3950.0
"Jun 12, 2019",MWK,Mohawk Group Holdings,23.7,13700.0,10.0,23.7,13700.0,N/A,14.51,-11.86,99.05
"Jun 7, 2019",RVLV,Revolve Group,55.74,20967.0,18.0,19.8,1050.0,Internet Retail,1420.0,49.56,1130.0
"Jun 6, 2019",GOTU,Gaotu Techedu,1.97,-8123.999999999999,10.5,3.09,-7076.000000000001,Education & Training Services,760.63,-143.71,623.85
"May 23, 2019",BCYC,Bicycle Therapeutics,57.21,30864.0,14.0,8.46,-4136.0,Biotechnology,585.45,-169.03,35.28
"May 23, 2019",IDYA,IDEAYA Biosciences,22.89,12890.0,10.0,20.26,10320.0,Biotechnology,1780.0,-274.48,7.0
"May 23, 2019",RTLR,Rattler Midstream LP,10.75,-3857.0,17.5,15.22,-1303.0,N/A,2226.0,3320.0,10560.0
"May 17, 2019",AVTR,Avantor,40.95,19250.0,14.0,12.88,-957.0,Medical Instruments & Supplies,8770.0,715.6,6690.0
"May 17, 2019",FSLY,Fastly,40.59,15369.0,16.0,5.74,-6450.0,Software - Application,831.22,-158.06,543.68
"May 17, 2019",LKNCY,Luckin Coffee,10.1,-4059.0000000000005,17.0,18.95,1147.0,Restaurants,11020.0,401.65,4720.0
"May 15, 2019",PSTL,Postal Realty Trust,18.2,706.0,17.0,13.23,-2229.0,REIT - Office,400.5,4.81,76.37
"May 14, 2019",APLT,Applied Therapeutics,9.99,-10.0,10.0,0.39,-9612.0,Biotechnology,56.33,-105.62,
"May 10, 2019",JFIN,Jiayin Group,2.5,-7619.0,10.5,11.32,781.0,Internet Content & Information,604.14,144.74,794.76
"May 10, 2019",SONM,Sonim Technologies,0.98,-9107.0,11.0,1.51,-8591.0,Communication Equipment,9.55,-33.65,58.3
"May 10, 2019",UBER,Uber Technologies,41.97,-673.0,45.0,80.19,7727.0,Software - Application,167800.0,9860.0,43980.0
"May 9, 2019",AXLA,Axcella Health,2.53,-8735.0,20.0,0.4,-9800.0,N/A,1.18,-50.03,
"May 9, 2019",MEC,Mayville Engineering Company,13.72,-1929.0,17.0,12.89,-2568.0,Metal Fabrication,260.76,25.97,581.6
"May 9, 2019",NXTC,NextCure,5.77,-6153.0,15.0,0.47,-9675.0,Biotechnology,13.03,-55.65,
"May 9, 2019",SPFI,South Plains Financial,26.39,5080.0,17.5,34.27,9534.0,Banks - Regional,556.4,51.14,193.66
"May 8, 2019",PSN,Parsons,32.9,2185.0,27.0,65.77,14554.0,Information Technology Services,7020.0,261.51,6770.0
"May 7, 2019",TRVI,Trevi Therapeutics,0.69,-9306.0,10.0,6.86,-3560.0,Biotechnology,662.76,-47.91,
"May 6, 2019",TBBA,TEB Bancorp,9.3,-700.0,10.0,6.39,-3610.0,Banks - Regional,16.19,-1.99,9.88
"May 3, 2019",ATIF,ATIF Holdings,3.0,-4000.0,5.0,0.64,-8720.0,N/A,15.5,-4.43,
"May 3, 2019",RRBI,Red River Bancshares,53.32,1848.9999999999998,45.0,51.28,1396.0,Banks - Regional,347.56,36.4,112.12
"May 3, 2019",SCPL,SciPlay,15.31,-430.99999999999994,16.0,22.94,4338.0,N/A,7210.0,336.0,3190.0
"May 3, 2019",YJ,Yunji,0.58,-9473.0,11.0,1.7,-8441.0,Internet Retail,8.37,-16.87,57.22
"May 2, 2019",BYND,Beyond Meat,70.23,18092.0,25.0,2.51,-9002.0,Packaged Foods,191.34,-160.28,326.45
"May 2, 2019",SY,So-Young International,3.24,-7652.0,13.8,0.83,-9405.0,Health Information Services,83.58,-80.77,200.94
"May 2, 2019",TMDX,TransMedics Group,20.98,3113.0,16.0,91.52,46250.0,Medical Devices,3100.0,35.46,441.54
"Apr 30, 2019",WAFU,Wah Fu Education Group,4.1,-1800.0,5.0,1.39,-7180.0,Education & Training Services,6.13,,6.37
"Apr 18, 2019",HOOK,HOOKIPA Pharma,2.48,-8229.0,14.0,0.96,-9393.0,Biotechnology,11.91,-43.5,43.95
"Apr 18, 2019",MNRL,Brigham Minerals,20.61,1450.0,18.0,32.5,8056.0,N/A,2580.0,39.78,624.41
"Apr 18, 2019",PINS,Pinterest,36.74,9337.0,19.0,25.2,3263.0000000000005,Internet Content & Information,16970.0,1860.0,3650.0
"Apr 18, 2019",ZM,Zoom Video Communications,199.42,45394.0,36.0,76.83,11542.0,Software - Application,23440.0,1010.0,4670.0
"Apr 17, 2019",BWAY,Brainsway,7.51,-3173.0,11.0,8.71,-2136.0,Medical Devices,171.97,2.92,41.02
"Apr 17, 2019",PLMR,Palomar Holdings,61.78,31187.0,15.0,146.13,88607.0,Insurance - Property & Casualty,3910.0,117.57,553.86
"Apr 17, 2019",TPTX,Turning Point Therapeutics,48.16,16756.0,18.0,76.01,32227.999999999996,N/A,3810.0,5420.0,47640.0
"Apr 12, 2019",JMIA,Jumia Technologies AG,12.99,-1041.0,14.5,2.38,-8372.0,Internet Retail,291.46,-99.09,167.49
"Apr 11, 2019",PD,PagerDuty,36.89,5371.0,24.0,15.48,-3446.0,Software - Application,1410.0,-54.46,467.5
"Apr 5, 2019",GHSI,Guardion Health Sciences,0.83,-7925.0,4.0,3.25,-1875.0,Drug Manufacturers - Specialty & Generic,4.35,6.37,12.23
"Apr 4, 2019",SILK,Silk Road Medical,42.65,11325.0,20.0,27.49,3745.0000000000005,N/A,1120.0,-56.54,191.43
"Apr 4, 2019",TW,Tradeweb Markets,94.42,24970.0,27.0,136.36,40882.0,Capital Markets,32180.0,523.36,1820.0
"Mar 29, 2019",LYFT,"Lyft, Inc.",40.91,-4318.0,72.0,12.28,-8258.0,Software - Application,5160.0,22.78,5790.0
"Mar 28, 2019",DTIL,Precision BioSciences,8.11,-4931.0,16.0,5.51,-6753.0,Biotechnology,58.02,7.17,68.7
"Mar 27, 2019",GNFT,Genfit,5.3,-7591.0,22.0,4.01,-8159.0,Biotechnology,202.37,1.56,73.44
"Mar 21, 2019",LEVI,Levi Strauss & Co.,24.03,4135.0,17.0,15.97,-712.0,Apparel Manufacturing,6310.0,356.2,6400.0
"Mar 20, 2019",TIGR,UP Fintech Holding,4.97,-3788.0000000000005,8.0,8.25,163.0,Capital Markets,1440.0,60.73,330.74
"Mar 8, 2019",FUTU,Futu Holdings,42.42,25350.0,12.0,92.24,66917.0,Capital Markets,12840.0,700.75,1540.0
"Mar 7, 2019",SWAV,ShockWave Medical,177.75,94559.0,17.0,334.75,186912.0,N/A,12570.0,163.5,787.97
"Mar 5, 2019",THCB,Tuscan Holdings,10.0,0.0,10.0,10.0,,N/A,608.22,-195.46,379.8
